dates;regions;locations
2023-05-19;Cooke City;Henderson Mountain
2023-05-19;Out of Advisory Area;Tobacco Root Mountains
2023-05-12;Cooke City;Scotch Bonnet
2023-05-03;Cooke City;COOKE CITY
2023-05-01;Northern Madison;Wilson Peak
2023-04-30;Cooke City;COOKE CITY
2023-04-29;Out of Advisory Area;Tobacco Root Mountains
2023-04-28;Bridger Range;Bridger Bowl
2023-04-28;Northern Madison;Beehive Peak
2023-04-25;Bridger Range;Bridger Bowl
2023-04-25;Bridger Range;Bridger Bowl
2023-04-22;Bridger Range;Bridger Bowl
2023-04-19;Bridger Range;Bridger Bowl
2023-04-19;Bridger Range;Bridger Bowl
2023-04-16;Cooke City;The Fin
2023-04-15;Out of Advisory Area;Crazy Peak
2023-04-13;Bridger Range;Bridger Bowl
2023-04-11;Northern Madison;Beehive Basin
2023-04-11;Bridger Range;Bridger Bowl
2023-04-11;Northern Madison;Big Sky Resort
2023-04-11;Bridger Range;Saddle Peak
2023-04-11;Bridger Range;Other place
2023-04-11;Cooke City;COOKE CITY
2023-04-10;Southern Madison;Buck Ridge
2023-04-10;Bridger Range;Bridger Bowl
2023-04-10;Cooke City;COOKE CITY
2023-04-10;Northern Madison;Fan Mountain
2023-04-10;Bridger Range;BRIDGER RANGE
2023-04-10;Cooke City;COOKE CITY
2023-04-10;Northern Madison;Big Sky Resort
2023-04-10;Northern Madison;NORTHERN MADISON RANGE
2023-04-10;Northern Madison;NORTHERN MADISON RANGE
2023-04-09;Southern Madison;Sphinx Mountain
2023-04-09;Northern Madison;Lone Lake Cirque
2023-04-09;Northern Madison;Yellowstone Club
2023-04-08;Southern Madison;Quake Lake
2023-04-07;Cooke City;COOKE CITY
2023-04-06;Northern Madison;Lava Lake
2023-04-06;Northern Gallatin;Storm Castle
2023-04-06;Cooke City;COOKE CITY
2023-04-06;Cooke City;Scotch Bonnet
2023-04-06;Bridger Range;Saddle Peak
2023-04-05;Northern Madison;NORTHERN MADISON RANGE
2023-04-05;Bridger Range;Wolverine Bowl
2023-04-04;Dillon Area;Blacktail Mountains
2023-04-03;Southern Gallatin;SOUTHERN GALLATIN RANGE
2023-04-02;Cooke City;Mount Abundance
2023-04-02;Southern Madison;Koch Peak
2023-04-02;Lionhead Range;LIONHEAD AREA
2023-04-02;Lionhead Range;LIONHEAD AREA
2023-04-02;Cooke City;Mineral Mountain
2023-04-02;Northern Madison;Beehive Basin
2023-04-02;Cooke City;Republic Creek
2023-04-02;Out of Advisory Area;Arrastra Creek
2023-04-02;Bridger Range;Naya Nuki Bowl
2023-04-02;Out of Advisory Area;Tobacco Root Mountains
2023-04-02;Cooke City;Woody Ridge
2023-04-02;Southern Madison;Taylor Fork
2023-04-02;Southern Madison;Beaver Creek
2023-04-01;Island Park;Hellroaring Creek
2023-04-01;Bridger Range;Frazier Basin
2023-04-01;Bridger Range;Battle Ridge
2023-04-01;Bridger Range;Frazier Basin
2023-03-31;Northern Madison;Cedar Mtn.
2023-03-31;Northern Gallatin;Portal Creek
2023-03-30;Northern Madison;Lone Lake Cirque
2023-03-29;Northern Madison;Buck Ridge
2023-03-28;Northern Gallatin;Hyalite - main fork
2023-03-27;Bridger Range;Bridger Peak
2023-03-27;Northern Madison;Big Sky Resort
2023-03-27;Bridger Range;The Throne
2023-03-26;Bridger Range;The Throne
2023-03-26;Northern Gallatin;Portal Creek
2023-03-25;Northern Gallatin;Mt Ellis
2023-03-25;Northern Madison;Beehive Basin
2023-03-23;Cooke City;Daisy Pass
2023-03-22;Northern Gallatin;Elephant Mountain
2023-03-22;Northern Gallatin;Mt Blackmore
2023-03-21;Lionhead Range;Lionhead Ridge
2023-03-21;Cooke City;Woody Ridge
2023-03-21;Northern Gallatin;Divide Cirque
2023-03-20;Bridger Range;Frazier Basin
2023-03-19;Bridger Range;BRIDGER RANGE
2023-03-19;Northern Madison;Beehive Peak
2023-03-19;Out of Advisory Area;Emigrant Peak
2023-03-18;Out of Advisory Area;Other place
2023-03-18;Cooke City;Henderson Mountain
2023-03-16;Northern Gallatin;Alex Lowe Peak
2023-03-16;Cooke City;Scotch Bonnet
2023-03-16;Southern Gallatin;Electric Peak
2023-03-16;Northern Gallatin;Hyalite - main fork
2023-03-15;Island Park;Hellroaring Creek
2023-03-15;Cooke City;COOKE CITY
2023-03-15;Lionhead Range;LIONHEAD AREA
2023-03-15;Cooke City;COOKE CITY
2023-03-15;Island Park;Sawtelle Peak
2023-03-15;Southern Gallatin;Bacon Rind
2023-03-15;Southern Madison;Tepee Basin
2023-03-14;Island Park;Hellroaring Creek
2023-03-14;Southern Madison;Taylor Fork
2023-03-14;Southern Madison;Taylor Fork
2023-03-14;Southern Madison;Sunlight Basin
2023-03-12;Cooke City;Scotch Bonnet
2023-03-12;Southern Madison;Telemark Meadows
2023-03-12;Out of Advisory Area;Beartooth Pass
2023-03-12;Cooke City;COOKE CITY
2023-03-11;Southern Madison;Bacon Rind
2023-03-11;Southern Madison;Red Mountain
2023-03-11;Southern Madison;Tepee Basin
2023-03-11;Southern Gallatin;Electric Peak
2023-03-11;Northern Madison;Dudley Creek
2023-03-11;Cooke City;COOKE CITY
2023-03-11;Cooke City;Crown Butte
2023-03-11;Cooke City;Republic Creek
2023-03-11;Cooke City;Town Hill
2023-03-11;Cooke City;Fisher Mtn.
2023-03-10;Lionhead Range;LIONHEAD AREA
2023-03-10;Cooke City;COOKE CITY
2023-03-10;Cooke City;
2023-03-10;Bridger Range;Frazier Basin
2023-03-10;Cooke City;Mineral Mountain
2023-03-10;Cooke City;COOKE CITY
2023-03-10;Lionhead Range;Lionhead Ridge
2023-03-08;Cooke City;COOKE CITY
2023-03-08;Southern Madison;Bacon Rind
2023-03-08;Northern Gallatin;Divide Cirque
2023-03-07;Bridger Range;Airplane Bowl
2023-03-07;Lionhead Range;Airplane Bowl
2023-03-06;Cooke City;Hayden Creek
2023-03-06;Bridger Range;The Ramp
2023-03-05;Cooke City;Miller Mtn.
2023-03-05;Bridger Range;BRIDGER RANGE
2023-03-04;Northern Gallatin;Maid of the Mist
2023-03-04;Out of Advisory Area;Lawn Mower - Town Hill
2023-03-04;Northern Gallatin;Hyalite Peak
2023-03-04;Northern Gallatin;Elephant Mountain
2023-03-03;Northern Madison;Buck Ridge
2023-03-03;Cooke City;COOKE CITY
2023-03-02;Cooke City;Miller Mtn.
2023-03-02;Cooke City;Daisy Pass
2023-02-28;Cooke City;Miller Ridge
2023-02-28;Cooke City;Henderson Mountain
2023-02-28;Lionhead Range;Quake Lake
2023-02-28;Southern Madison;Cabin Creek
2023-02-27;Southern Madison;Taylor Fork
2023-02-27;Northern Madison;Buck Ridge
2023-02-26;Cooke City;Miller Mtn.
2023-02-25;Cooke City;COOKE CITY
2023-02-25;Cooke City;COOKE CITY
2023-02-25;Butte Area;Flint Creek Range
2022-05-15;;
2022-05-09;Bridger Range;Bridger Bowl
2022-05-04;Cooke City;Crown Butte
2022-05-04;Cooke City;COOKE CITY
2022-05-04;Bridger Range;Beehive Basin
2022-05-03;Northern Madison;Beehive Basin
2022-04-30;Bridger Range;Bridger Bowl
2022-04-30;Northern Madison;Bear Basin
2022-04-23;Cooke City;Daisy Pass
2022-04-23;Bridger Range;Bridger Bowl
2022-04-23;Bridger Range;Bridger Bowl
2022-04-23;Bridger Range;Bridger Bowl
2022-04-23;Bridger Range;Bridger Bowl
2022-04-23;Bridger Range;Bridger Bowl
2022-04-22;Bridger Range;Fairy Lake
2022-04-22;Northern Madison;Beehive Basin
2022-04-22;Cooke City;COOKE CITY
2022-04-22;Bridger Range;Bridger Bowl
2022-04-18;Cooke City;Mineral Mountain
2022-04-18;Cooke City;Sheep Creek
2022-04-17;Cooke City;COOKE CITY
2022-04-17;Cooke City;Sheep Creek
2022-04-17;Cooke City;The Fin
2022-04-17;Bridger Range;The Throne
2022-04-16;Cooke City;Henderson Mountain
2022-04-16;Out of Advisory Area;East Rosebud
2022-04-08;Out of Advisory Area;Other place
2022-04-06;Northern Madison;Beehive Basin
2022-04-03;Northern Madison;Wilson Peak
2022-04-02;Cooke City;The Fin
2022-04-02;Out of Advisory Area;
2022-04-02;Northern Madison;Beehive Basin
2022-04-01;Out of Advisory Area;Black Mountain
2022-03-30;Out of Advisory Area;Bell Lake
2022-03-28;Lionhead Range;LIONHEAD AREA
2022-03-27;Bridger Range;Baldy Mountain
2022-03-27;Cooke City;COOKE CITY
2022-03-27;Northern Madison;Yellowstone Club
2022-03-27;Bridger Range;Bridger Bowl
2022-03-27;Cooke City;Wall Mountain
2022-03-27;Cooke City;Barronette Peak
2022-03-27;Bridger Range;Northern Bridgers
2022-03-27;Bridger Range;Ross Peak
2022-03-27;Bridger Range;Argentina Bowl
2022-03-26;Northern Madison;Cedar Mtn.
2022-03-26;Northern Gallatin;Mt Blackmore
2022-03-26;Southern Gallatin;Electric Peak
2022-03-26;Northern Madison;Big Sky Resort
2022-03-26;Bridger Range;Bridger Bowl
2022-03-26;Southern Madison;Carrot Basin
2022-03-25;Cooke City;Goose Lake
2022-03-25;Cooke City;Mount Abundance
2022-03-24;Cooke City;Sheep Creek
2022-03-24;Northern Madison;Lone Lake Cirque
2022-03-24;Cooke City;Woody Ridge
2022-03-23;Cooke City;Goose Lake
2022-03-23;Northern Gallatin;Maid of the Mist
2022-03-23;Cooke City;Barronette Peak
2022-03-22;Northern Madison;Cedar Mtn.
2022-03-22;Cooke City;The Fin
2022-03-21;Northern Madison;Cedar Mtn.
2022-03-21;Bridger Range;Bridger Bowl
2022-03-21;Bridger Range;Saddle Peak
2022-03-20;Southern Madison;Sunlight Basin
2022-03-20;Northern Madison;Cedar Mtn.
2022-03-20;Northern Gallatin;Divide Cirque
2022-03-20;Bridger Range;Wolverine Bowl
2022-03-20;Northern Gallatin;Maid of the Mist
2022-03-20;Northern Madison;Middle Basin
2022-03-19;Cooke City;Republic Creek
2022-03-19;Northern Madison;Bear Basin
2022-03-19;Lionhead Range;Lionhead Ridge
2022-03-17;Cooke City;Miller Mtn.
2022-03-17;Cooke City;Goose Lake
2022-03-16;Cooke City;Mount Abundance
2022-03-16;Northern Madison;Lava Lake
2022-03-16;Bridger Range;Saddle Peak
2022-03-15;Northern Madison;Cedar Mtn.
2022-03-14;Cooke City;Zimmer Creek
2022-03-14;Cooke City;Zimmer Creek
2022-03-14;Northern Gallatin;Mt Blackmore
2022-03-14;Northern Madison;Buck Ridge
2022-03-14;Cooke City;COOKE CITY
2022-03-13;Out of Advisory Area;
2022-03-13;Cooke City;COOKE CITY
2022-03-13;Northern Madison;Big Sky Resort
2022-03-12;Northern Madison;Buck Ridge
2022-03-12;Bridger Range;Ross Peak
2022-03-12;Bridger Range;Northern Bridgers
2022-03-12;Cooke City;COOKE CITY
2022-03-12;Cooke City;Scotch Bonnet
2022-03-12;Cooke City;Zimmer Creek
2022-03-10;Northern Gallatin;Mt Blackmore
2022-03-09;Northern Gallatin;Mt Blackmore
2022-03-08;Cooke City;Henderson Mountain
2022-03-08;Bridger Range;Saddle Peak
2022-03-08;Northern Gallatin;Lick Creek
2022-03-06;Cooke City;Scotch Bonnet
2022-03-06;Northern Gallatin;Alex Lowe Peak
2022-03-05;Cooke City;Pebble Creek - YNP
2022-03-04;Cooke City;Hayden Creek
2022-03-03;Cooke City;Pebble Creek - YNP
2022-03-03;Southern Madison;Cabin Creek
2022-03-03;Cooke City;Republic Creek
2022-03-03;Lionhead Range;Lionhead Ridge
2022-03-03;Lionhead Range;Lionhead Ridge
2022-03-02;Cooke City;Abiathar Peak
2022-03-01;Cooke City;Goose Creek
2022-02-27;Southern Gallatin;Specimen Creek
2022-02-27;Cooke City;Scotch Bonnet
2022-02-27;Cooke City;Sheep Mountain
2022-02-26;Northern Gallatin;Mt Blackmore
2022-02-26;Bridger Range;BRIDGER RANGE
2022-02-26;Cooke City;Lulu Pass
2022-02-26;Cooke City;Goose Creek
2022-02-26;Northern Gallatin;Mt Blackmore
2022-02-26;Bridger Range;Northern Bridgers
2022-02-26;Bridger Range;Northern Bridgers
2022-02-26;Bridger Range;Northern Bridgers
2022-02-25;Southern Madison;Tepee Basin
2022-02-25;Northern Madison;
2022-02-23;Cooke City;Pebble Creek - YNP
2022-02-22;Cooke City;Woody Ridge
2022-02-22;Northern Gallatin;Alex Lowe Peak
2022-02-21;Bridger Range;The Throne
2022-02-21;Cooke City;Mount Abundance
2022-02-21;Cooke City;COOKE CITY
2022-02-19;Island Park;Two Top
2022-02-19;Out of Advisory Area;Other place
2022-02-19;Cooke City;Sheep Creek
2022-02-19;Cooke City;Town Hill
2022-02-18;Cooke City;Town Hill
2022-02-18;Bridger Range;Frazier Basin
2022-02-18;Cooke City;Scotch Bonnet
2022-02-18;Northern Gallatin;Divide Peak
2022-02-18;Northern Gallatin;Divide Peak
2022-02-17;Northern Madison;Buck Ridge
2022-02-17;Bridger Range;Argentina Bowl
2022-02-17;Bridger Range;Saddle Peak
2022-02-12;Cooke City;COOKE CITY
2022-02-12;Cooke City;COOKE CITY
2022-02-12;Cooke City;Wyoming Creek
2022-02-12;Northern Madison;Cedar Mtn.
2022-02-09;Cooke City;Wyoming Creek
2022-02-07;Cooke City;Pebble Creek - YNP
2022-02-07;Cooke City;Scotch Bonnet
2022-02-06;Cooke City;Goose Creek
2022-02-06;Cooke City;Goose Lake
2022-02-06;Cooke City;Sheep Mountain
2022-02-06;Northern Gallatin;Mt Blackmore
2021-06-04;Out of Advisory Area;Beartooth Pass
2021-05-08;Northern Madison;Beehive Basin
2021-05-06;Southern Madison;Taylor Fork
2021-05-02;Cooke City;COOKE CITY
2021-04-29;Cooke City;Republic Mountain
2021-04-28;Bridger Range;BRIDGER RANGE
2021-04-28;Out of Advisory Area;Livingston
2021-04-26;Bridger Range;Bridger Bowl
2021-04-09;Out of Advisory Area;Other place
2021-04-04;Cooke City;Miller Ridge
2021-04-04;Out of Advisory Area;Other place
2021-04-03;Bridger Range;Frazier Basin
2021-04-03;Northern Madison;Beehive Basin
2021-04-02;Bridger Range;Fairy Lake
2021-03-28;Southern Madison;Taylor Fork
2021-03-28;Bridger Range;Saddle Peak
2021-03-28;Cooke City;COOKE CITY
2021-03-28;Northern Gallatin;Maid of the Mist
2021-03-27;Cooke City;Goose Lake
2021-03-27;Northern Madison;Buck Ridge
2021-03-27;Northern Gallatin;Overlook Mountain
2021-03-27;Northern Gallatin;Mt Blackmore
2021-03-27;Northern Gallatin;Mt Blackmore
2021-03-27;Northern Gallatin;Flanders Creek
2021-03-27;Southern Madison;SOUTHERN MADISON RANGE
2021-03-26;Out of Advisory Area;
2021-03-26;Southern Gallatin;Electric Peak
2021-03-26;Northern Madison;Middle Basin
2021-03-24;Bridger Range;Texas Meadow
2021-03-23;Northern Gallatin;Flanders Creek
2021-03-22;Northern Gallatin;Mt Blackmore
2021-03-21;Northern Madison;Beehive Basin
2021-03-21;Northern Gallatin;Mt Blackmore
2021-03-21;Northern Gallatin;Alex Lowe Peak
2021-03-20;Northern Gallatin;Hyalite Peak
2021-03-17;Southern Gallatin;Specimen Creek
2021-03-13;Out of Advisory Area;Abiathar Peak
2021-03-12;Southern Madison;Skyline Ridge
2021-03-10;Cooke City;Rasta Chutes
2021-03-09;Cooke City;COOKE CITY
2021-03-05;Cooke City;COOKE CITY
2021-03-05;Out of Advisory Area;
2021-03-04;Northern Madison;Beehive Basin
2021-03-04;Northern Madison;Dudley Creek
2021-03-04;Out of Advisory Area;Other place
2021-03-02;Southern Madison;
2021-02-28;Southern Madison;Koch Peak
2021-02-28;Northern Gallatin;Maid of the Mist
2021-02-28;Southern Gallatin;Specimen Creek
2021-02-28;Cooke City;Daisy Pass
2021-02-28;Northern Madison;Buck Ridge
2021-02-28;Southern Madison;Cabin Creek
2021-02-27;Southern Gallatin;Big Horn Peak
2021-02-27;Southern Madison;Taylor Fork
2021-02-27;Bridger Range;BRIDGER RANGE
2021-02-25;Northern Madison;Buck Ridge
2021-02-24;Northern Madison;
2021-02-24;Southern Gallatin;Fawn Pass
2021-02-24;Northern Gallatin;Hyalite - main fork
2021-02-24;Northern Madison;Cedar Mtn.
2021-02-24;Northern Gallatin;Elephant Mountain
2021-02-24;Southern Madison;Beaver Creek
2021-02-23;Cooke City;Hayden Creek
2021-02-23;Cooke City;Wolverine Peak
2021-02-23;Cooke City;COOKE CITY
2021-02-22;Northern Madison;Lone Lake Cirque
2021-02-21;Cooke City;COOKE CITY
2021-02-20;;
2021-02-20;Northern Gallatin;Mt Blackmore
2021-02-20;Southern Gallatin;Specimen Creek
2021-02-20;Northern Madison;NORTHERN MADISON RANGE
2021-02-20;Cooke City;Town Hill
2021-02-20;Northern Madison;McAtee Basin
2021-02-19;Northern Gallatin;Alex Lowe Peak
2021-02-19;Northern Gallatin;Mt Ellis
2021-02-19;Northern Madison;
2021-02-18;Northern Gallatin;Flanders Creek
2021-02-18;Northern Gallatin;Mt Blackmore
2021-02-18;Northern Gallatin;Maid of the Mist
2021-02-18;Cooke City;Crown Butte
2021-02-18;;Bridger Peak
2021-02-18;Bridger Range;Saddle Peak
2021-02-16;Cooke City;Fisher Mtn.
2021-02-16;Bridger Range;Olson Creek
2021-02-15;Southern Madison;Hebgen Lake
2021-02-14;Northern Gallatin;Divide Peak
2021-02-14;Northern Madison;Beehive Basin
2021-02-13;Cooke City;Woody Ridge
2021-02-13;Cooke City;Daisy Pass
2021-02-13;Southern Madison;Cabin Creek
2021-02-13;Bridger Range;Wolverine Bowl
2021-02-13;Cooke City;Hayden Creek
2021-02-12;Cooke City;Scotch Bonnet
2021-02-11;Southern Madison;Ernie Miller Ridge
2021-02-11;Lionhead Range;Lionhead Ridge
2021-02-11;Southern Gallatin;Portal Creek
2021-02-09;Cooke City;Woody Ridge
2021-02-09;Cooke City;Henderson Bench
2021-02-09;Cooke City;Mt. Abundance
2021-02-09;Cooke City;Town Hill
2021-02-08;Northern Madison;Middle Basin
2021-02-08;Northern Gallatin;Alex Lowe Peak
2021-02-08;Northern Madison;Cedar Mtn.
2021-02-08;Northern Madison;Buck Ridge
2021-02-08;Northern Madison;Buck Ridge
2021-02-08;Cooke City;COOKE CITY
2021-02-08;Bridger Range;The Ramp
2021-02-08;Cooke City;Sheep Creek
2021-02-08;Northern Madison;Yellowstone Club
2021-02-07;Northern Madison;Beehive Basin
2021-02-07;Lionhead Range;Watkins Creek
2021-02-07;Southern Madison;Skyline Ridge
2021-02-07;Northern Madison;Yellow Mountain
2021-02-07;Northern Gallatin;Mt Ellis
2021-02-07;Northern Madison;Dudley Creek
2021-02-07;Out of Advisory Area;Other place
2021-02-07;Northern Madison;Yellowstone Club
2021-02-07;Northern Madison;Cedar Mtn.
2021-02-07;Bridger Range;Bostwick Creek
2021-02-07;Southern Madison;Specimen Creek
2021-02-07;Northern Madison;Beehive Basin
2021-02-06;Cooke City;COOKE CITY
2021-02-06;Bridger Range;Bridger Peak
2021-02-06;Bridger Range;BRIDGER RANGE
2021-02-06;Lionhead Range;LIONHEAD AREA
2021-02-06;Bridger Range;Ross Peak
2021-02-06;Southern Gallatin;Specimen Creek
2021-02-05;Cooke City;Hayden Creek
2021-02-05;Bridger Range;Wolverine Bowl
2021-02-05;Northern Gallatin;Hyalite - main fork
2021-02-05;Bridger Range;Saddle Peak
2021-02-05;Northern Gallatin;Divide Cirque
2021-02-05;Southern Madison;Bacon Rind
2021-02-05;Bridger Range;Fairy Lake
2021-02-05;Southern Gallatin;Specimen Creek
2021-02-05;Cooke City;Woody Ridge
2021-02-03;Bridger Range;Saddle Peak
2021-02-02;Southern Gallatin;Fawn Pass
2021-02-01;Lionhead Range;LIONHEAD AREA
2021-01-30;Southern Gallatin;Specimen Creek
2021-01-30;Lionhead Range;LIONHEAD AREA
2021-01-30;Cooke City;Republic Mountain
2021-01-30;Southern Madison;Taylor Fork
2021-01-30;Southern Madison;Taylor Fork
2021-01-30;Cooke City;Meridian Peak
2021-01-30;Cooke City;COOKE CITY
2021-01-30;Northern Madison;NORTHERN MADISON RANGE
2021-01-30;Northern Gallatin;Maid of the Mist
2021-01-30;Southern Madison;Ernie Miller Ridge
2021-01-30;Southern Gallatin;Specimen Creek
2020-06-11;Bridger Range;Fairy Lake
2020-05-19;Northern Madison;Yellowstone Club
2020-05-17;Northern Madison;Middle Basin
2020-05-01;Out of Advisory Area;Emigrant Peak
2020-04-30;Bridger Range;Bridger Bowl
2020-04-30;Cooke City;COOKE CITY
2020-04-30;Northern Madison;Beehive Basin
2020-04-29;Out of Advisory Area;Pine Creek
2020-04-26;Out of Advisory Area;
2020-04-22;Bridger Range;BRIDGER RANGE
2020-04-21;Northern Madison;Bear Basin
2020-04-20;Bridger Range;Frazier Basin
2020-04-18;Northern Madison;Middle Basin
2020-04-17;Bridger Range;Bridger Bowl
2020-04-17;Bridger Range;The Playground
2020-04-16;Bridger Range;Bridger Bowl
2020-04-15;Bridger Range;Bridger Bowl
2020-04-14;Bridger Range;Bridger Bowl
2020-04-12;Northern Gallatin;Wheeler Mountain
2020-04-12;Bridger Range;Ross Peak
2020-04-12;Northern Madison;Beehive Basin
2020-04-10;Northern Madison;Beehive Basin
2020-04-10;Southern Madison;Beaver Creek
2020-04-10;Northern Gallatin;Mt Blackmore
2020-04-10;Bridger Range;Bridger Bowl
2020-04-10;Northern Madison;Sphinx Mountain
2020-04-09;Lionhead Range;Lionhead Ridge
2020-04-09;Northern Madison;Fan Mountain
2020-04-07;Lionhead Range;Lionhead Ridge
2020-04-07;Northern Madison;Beehive Peak
2020-04-06;Cooke City;Republic Creek
2020-04-05;Out of Advisory Area;
2020-04-05;Bridger Range;Bridger Bowl
2020-04-04;Northern Madison;Beehive Peak
2020-04-04;Northern Gallatin;Portal Creek
2020-04-03;Bridger Range;Ross Peak
2020-04-02;Cooke City;
2020-04-02;Bridger Range;Bridger Bowl
2020-04-02;Cooke City;COOKE CITY
2020-04-01;Bridger Range;Saddle Peak
2020-04-01;Northern Gallatin;Mt Ellis
2020-04-01;Southern Madison;Quake Lake
2020-04-01;Lionhead Range;Hebgen Lake
2020-04-01;Northern Madison;Buck Ridge
2020-04-01;Bridger Range;Bridger Bowl
2020-03-30;Bridger Range;Bridger Peak
2020-03-30;Northern Gallatin;Mt Blackmore
2020-03-29;Northern Madison;Cedar Mtn.
2020-03-29;Northern Madison;Buck Ridge
2020-03-29;Bridger Range;Fairy Lake
2020-03-29;Northern Gallatin;Maid of the Mist
2020-03-27;Bridger Range;Ross Peak
2020-03-26;Northern Gallatin;Hyalite - main fork
2020-03-26;Northern Gallatin;Divide Peak
2020-03-26;Southern Madison;Quake Lake
2020-03-26;Bridger Range;The Ramp
2020-03-26;Northern Madison;Beehive Peak
2020-03-26;Cooke City;Goose Creek
2020-03-25;Cooke City;COOKE CITY
2020-03-25;Bridger Range;The Throne
2020-03-25;Bridger Range;Bridger Bowl
2020-03-24;Northern Gallatin;Mt Blackmore
2020-03-22;Northern Madison;
2020-03-21;Northern Madison;Yellow Mountain
2020-03-21;Northern Madison;Wilson Peak
2020-03-20;Out of Advisory Area;Emigrant Peak
2020-03-20;Out of Advisory Area;Knowles Peak
2020-03-17;Northern Madison;Dudley Creek
2020-03-16;Northern Madison;Beehive Peak
2020-03-16;Northern Madison;Dudley Creek
2020-03-16;Bridger Range;Frazier Basin
2020-03-16;Bridger Range;Fairy Lake
2020-03-16;Cooke City;Republic Creek
2020-03-15;Southern Madison;Hebgen Lake
2020-03-15;Northern Gallatin;Alex Lowe Peak
2020-03-15;Cooke City;Mt. Zimmer
2020-03-15;Cooke City;Lulu Pass
2020-03-12;Southern Madison;
2020-03-10;Cooke City;Republic Creek
2020-03-10;Bridger Range;
2020-03-08;Northern Madison;Middle Basin
2020-03-08;Northern Gallatin;Hyalite - main fork
2020-03-08;Bridger Range;Saddle Peak
2020-03-08;Northern Gallatin;Mt Blackmore
2020-03-07;Out of Advisory Area;Pine Creek
2020-03-07;Northern Gallatin;Mt Blackmore
2020-03-07;Cooke City;COOKE CITY
2020-03-06;;
2020-03-05;Southern Madison;Skyline Ridge
2020-03-05;Cooke City;Sheep Mountain
2020-03-05;Bridger Range;Ross Peak
2020-03-02;Northern Madison;Buck Ridge
2020-02-29;Out of Advisory Area;
2020-02-27;Southern Gallatin;Ramshorn Peak
2020-02-27;Out of Advisory Area;Black Mountain
2020-02-27;Cooke City;COOKE CITY
2020-02-27;Northern Gallatin;Swan Creek
2020-02-27;Southern Gallatin;Specimen Creek
2020-02-26;Northern Gallatin;Divide Cirque
2020-02-26;Bridger Range;Hourglass Chute
2020-02-25;Cooke City;COOKE CITY
2020-02-24;Out of Advisory Area;Black Butte- Gravelly Range
2020-02-22;Northern Madison;Sphinx Mountain
2020-02-22;Southern Gallatin;Specimen Creek
2020-02-22;Cooke City;Scotch Bonnet
2020-02-21;Lionhead Range;LIONHEAD AREA
2020-02-21;Cooke City;Wolverine Peak
2020-02-20;Cooke City;COOKE CITY
2020-02-20;Bridger Range;Texas Meadow
2020-02-18;Northern Gallatin;Storm Castle
2020-02-18;Out of Advisory Area;Pine Creek
2020-02-18;Out of Advisory Area;Other place
2020-02-18;Bridger Range;Flathead Pass
2020-02-18;Northern Madison;Wilson Peak
2020-02-18;Cooke City;COOKE CITY
2020-02-17;Northern Madison;Buck Ridge
2020-02-16;Out of Advisory Area;Emigrant Peak
2020-02-16;Northern Gallatin;Maid of the Mist
2020-02-16;Northern Gallatin;Mt Ellis
2020-02-16;Out of Advisory Area;
2020-02-16;Northern Gallatin;Mt Blackmore
2020-02-16;Bridger Range;Wolverine Bowl
2020-02-16;Northern Gallatin;Chestnut Mountain
2020-02-15;Bridger Range;Flathead Pass
2020-02-15;Northern Madison;Black Mountain
2020-02-15;Northern Gallatin;Mt Blackmore
2020-02-15;Southern Madison;Taylor Fork
2020-02-15;Southern Gallatin;Big Horn Peak
2020-02-14;Northern Gallatin;Moose Jaw
2020-02-14;Cooke City;Woody Ridge
2020-02-14;Out of Advisory Area;Knowles Peak
2020-02-14;Northern Gallatin;Lick Creek
2020-02-14;Northern Gallatin;Alex Lowe Peak
2020-02-14;Northern Madison;Bear Basin
2020-02-14;Northern Gallatin;Divide Cirque
2020-02-13;Northern Gallatin;Wheeler Mountain
2020-02-13;Northern Madison;Yellow Mountain
2020-02-13;Northern Madison;Buck Ridge
2020-02-12;Northern Gallatin;Garnet Mtn.
2020-02-11;Northern Madison;Deer Creek
2020-02-11;Northern Gallatin;Mt Ellis
2020-02-09;Bridger Range;Flathead Pass
2020-02-09;Southern Madison;Tepee Basin
2020-02-09;Northern Gallatin;Mt Ellis
2020-02-09;Bridger Range;Ross Peak
2020-02-09;Cooke City;COOKE CITY
2020-02-09;Bridger Range;Truman Gulch
2020-02-08;Northern Madison;Beehive Peak
2020-02-08;Northern Madison;Cedar Mtn.
2020-02-08;Northern Gallatin;Portal Creek
2019-06-09;Northern Gallatin;Mt Blackmore
2019-05-16;Northern Madison;Fan Mountain
2019-05-14;Northern Madison;Beehive Basin
2019-05-14;Bridger Range;Saddle Peak
2019-05-12;Bridger Range;Bridger Bowl
2019-04-27;Northern Madison;
2019-04-27;Bridger Range;Bridger Bowl
2019-04-20;Cooke City;Crown Butte
2019-04-20;Out of Advisory Area;Emigrant Peak
2019-04-20;Cooke City;Wall Mountain
2019-04-19;Bridger Range;Bridger Bowl
2019-04-19;Bridger Range;Bridger Peak
2019-04-18;Northern Madison;Fan Mountain
2019-04-18;Bridger Range;BRIDGER RANGE
2019-04-17;Cooke City;Mt Republic
2019-04-14;Cooke City;Abiathar Peak
2019-04-13;Out of Advisory Area;Crazy Peak
2019-04-13;Bridger Range;Frazier Basin
2019-04-11;Northern Madison;Beehive Peak
2019-04-10;Cooke City;COOKE CITY
2019-04-10;Cooke City;COOKE CITY
2019-04-10;Cooke City;COOKE CITY
2019-04-09;Cooke City;Mt Republic
2019-04-08;Bridger Range;The Throne
2019-04-08;Bridger Range;Truman Gulch
2019-04-08;Bridger Range;Bridger Bowl
2019-04-07;Out of Advisory Area;Bell Lake
2019-04-07;Northern Madison;Beehive Basin
2019-04-07;Cooke City;Goose Creek
2019-04-06;Out of Advisory Area;Other place
2019-03-30;Bridger Range;Fairy Lake
2019-03-30;Northern Gallatin;Mt Blackmore
2019-03-26;Northern Gallatin;Maid of the Mist
2019-03-25;Northern Madison;NORTHERN MADISON RANGE
2019-03-24;Northern Madison;Dudley Creek
2019-03-24;Northern Madison;
2019-03-23;Northern Gallatin;Mt Blackmore
2019-03-23;Bridger Range;Northern Bridgers
2019-03-21;Northern Gallatin;Sourdough Canyon
2019-03-21;Southern Madison;Sage Peak
2019-03-21;Northern Gallatin;Mt Blackmore
2019-03-20;Bridger Range;Texas Meadow
2019-03-16;Out of Advisory Area;Gravelly Range
2019-03-16;Bridger Range;Fairy Lake
2019-03-15;Northern Madison;Fan Mountain
2019-03-15;Northern Gallatin;Mt Blackmore
2019-03-14;Northern Gallatin;Hyalite - main fork
2019-03-12;Northern Madison;Beehive Basin
2019-03-11;Cooke City;Fisher Mtn.
2019-03-11;Bridger Range;Fairy Lake
2019-03-10;Out of Advisory Area;Other place
2019-03-09;Northern Madison;Bear Basin
2019-03-09;Northern Madison;Dudley Creek
2019-03-09;Northern Madison;Cedar Mtn.
2019-03-09;Northern Madison;Buck Ridge
2019-03-08;Northern Gallatin;Hyalite Peak
2019-03-08;Cooke City;COOKE CITY
2019-03-06;Northern Gallatin;Mt Blackmore
2019-03-03;Northern Gallatin;Mt Blackmore
2019-03-03;Northern Gallatin;Lick Creek
2019-03-03;Northern Gallatin;Hyalite - main fork
2019-03-03;Northern Madison;Yellowstone Club
2019-03-02;Southern Madison;Tepee Basin
2019-03-02;Northern Madison;Fan Mountain
2019-03-02;Bridger Range;Hardscrabble Peak
2019-03-02;Northern Madison;NORTHERN MADISON RANGE
2019-03-02;Northern Madison;Cedar Mtn.
2019-03-02;Northern Gallatin;Hyalite - main fork
2019-03-02;Southern Madison;Taylor Fork
2019-03-02;Southern Madison;Sage Peak
2019-03-02;Cooke City;Miller Ridge
2019-03-02;Bridger Range;Bostwick Creek
2019-03-02;Northern Madison;Yellowstone Club
2019-03-01;Northern Madison;Wilson Peak
2019-03-01;Cooke City;COOKE CITY
2019-02-28;Out of Advisory Area;Knowles Peak
2019-02-28;Bridger Range;The Throne
2019-02-28;Southern Madison;Hebgen Lake
2019-02-27;Northern Madison;
2019-02-26;Bridger Range;Truman Gulch
2019-02-25;Cooke City;Henderson Mountain
2019-02-25;Cooke City;Town Hill
2019-02-21;Northern Madison;Big Sky Resort
2019-02-19;Cooke City;COOKE CITY
2019-02-19;Cooke City;Sheep Mountain
2019-02-19;Northern Gallatin;Elephant Mountain
2019-02-18;Island Park;
2019-02-18;Lionhead Range;Lionhead Ridge
2019-02-17;Southern Gallatin;Specimen Creek
2019-02-17;Southern Madison;Buck Ridge
2019-02-17;Cooke City;Crown Butte
2019-02-17;Northern Gallatin;Hyalite - main fork
2019-02-17;Southern Madison;Ernie Miller Ridge
2019-02-17;Southern Madison;McAtee Basin
2019-02-16;Cooke City;Miller Ridge
2019-02-16;Southern Madison;Taylor Fork
2019-02-16;Cooke City;COOKE CITY
2019-02-16;Bridger Range;The Throne
2019-02-15;Northern Madison;Beehive Basin
2019-02-15;Southern Madison;Taylor Fork
2019-02-15;;Bridger Bowl
2019-02-15;Cooke City;COOKE CITY
2019-02-15;Cooke City;Henderson Bench
2019-02-14;Island Park;
2019-02-12;Cooke City;Mineral Mountain
2019-02-10;Out of Advisory Area;Other place
2019-02-09;Northern Gallatin;Mt Blackmore
2019-02-09;Southern Gallatin;Specimen Creek
2019-02-09;Northern Gallatin;Mt Blackmore
2019-02-09;Cooke City;Mt. Abundance
2019-02-07;Island Park;Centennials - Idaho
2019-02-07;Northern Madison;Beehive Basin
2019-02-06;Lionhead Range;Lionhead Ridge
2019-02-05;Lionhead Range;Lionhead Ridge
2019-02-05;Island Park;Centennials - Idaho
2019-02-05;Cooke City;Pebble Creek - YNP
2019-02-05;Southern Madison;Bacon Rind
2019-02-05;Southern Madison;Taylor Fork
2019-02-02;Cooke City;Daisy Pass
2019-02-01;Lionhead Range;CENTENNIAL RANGE
2019-02-01;Cooke City;Rasta Chutes
2019-01-29;Northern Gallatin;Hyalite - main fork
2019-01-29;Northern Madison;Cedar Mtn.
2019-01-28;Cooke City;Mt. Zimmer
2019-01-28;Northern Gallatin;Mt Blackmore
2019-01-28;Lionhead Range;Sheep Mountain
2019-01-28;Northern Madison;Big Sky Resort
2019-01-28;Northern Madison;Fan Mountain
2019-01-27;Southern Madison;Beaver Creek
2019-01-27;Out of Advisory Area;Black Butte- Gravelly Range
2019-01-27;Out of Advisory Area;Arrastra Creek
2019-01-27;Northern Gallatin;Hyalite - main fork
2019-01-27;Southern Madison;Sunlight Basin
2019-01-27;Bridger Range;Truman Gulch
2019-01-27;Lionhead Range;LIONHEAD AREA
2019-01-27;Bridger Range;BRIDGER RANGE
2019-01-27;Northern Gallatin;Mt Ellis
2019-01-26;Out of Advisory Area;Other place
2019-01-26;Northern Madison;Cedar Mtn.
2019-01-26;Bridger Range;Bradley Meadow
2019-01-26;Northern Gallatin;Divide Cirque
2019-01-26;Northern Madison;Deer Creek
2019-01-26;Cooke City;Hayden Creek
2019-01-26;Northern Madison;Red Knob
2019-01-26;Bridger Range;Wolverine Bowl
2019-01-26;Northern Gallatin;Wheeler Mountain
2019-01-26;Bridger Range;Battle Ridge
2019-01-26;Bridger Range;The Throne
2019-01-26;Bridger Range;Frazier Basin
2019-01-26;Northern Gallatin;Lick Creek
